temperature,humidity,Time,Temperature,Humidity,HeatIndex
,,2026-02-23 21:36:57.901482,22.1,67.0,22.11
,,2026-02-23 21:37:00.261774,22.1,67.0,22.11
,,2026-02-23 21:37:49.932767,22.1,67.0,22.11
,,2026-02-23 21:37:52.355805,22.1,67.0,22.11
,,2026-02-23 21:37:54.436356,22.1,67.0,22.11
,,2026-02-23 21:37:56.501938,22.1,67.0,22.11
,,2026-02-23 21:37:58.570329,22.1,67.0,22.11
,,2026-02-23 21:38:00.636858,22.1,67.0,22.11
,,2026-02-23 21:38:02.700890,22.1,67.0,22.11
,,2026-02-23 21:38:04.759430,22.1,67.0,22.11
,,2026-02-23 21:38:06.831629,22.0,67.0,22.0
,,2026-02-23 21:38:08.896099,22.1,67.0,22.11
,,2026-02-23 21:38:09.963729,22.1,67.0,22.11
,,2026-02-23 21:38:12.052353,22.1,67.0,22.11
,,2026-02-23 21:38:14.119244,22.2,69.0,22.28
,,2026-02-23 21:38:16.190713,22.4,72.0,22.58
,,2026-02-23 21:38:18.255808,22.6,76.0,22.9
,,2026-02-23 21:38:20.310755,23.1,81.0,23.58
,,2026-02-23 21:38:23.382085,23.6,83.0,24.18
,,2026-02-23 21:38:25.445964,24.0,85.0,24.67
,,2026-02-23 21:38:27.509456,24.3,87.0,25.06
,,2026-02-23 21:38:29.579326,24.4,88.0,25.19
,,2026-02-23 21:38:31.644722,24.4,88.0,25.19
,,2026-02-23 21:38:33.701457,24.4,89.0,25.22
,,2026-02-23 21:38:35.766417,24.3,89.0,25.11
,,2026-02-23 21:38:37.839338,24.2,89.0,25.0
,,2026-02-23 21:38:39.905719,24.2,89.0,25.0
,,2026-02-23 21:38:41.968209,24.1,90.0,24.92
,,2026-02-23 21:38:44.034426,24.1,90.0,24.92
,,2026-02-23 21:38:46.102751,24.0,90.0,24.81
,,2026-02-23 21:38:48.172299,23.9,90.0,24.7
,,2026-02-23 21:38:50.258677,23.9,90.0,24.7
,,2026-02-23 21:38:52.335681,23.8,90.0,24.59
,,2026-02-23 21:38:54.413204,23.8,90.0,24.59
,,2026-02-23 21:38:56.477958,23.7,90.0,24.48
,,2026-02-23 21:38:58.552622,23.6,90.0,24.37
,,2026-02-23 21:39:00.629766,23.6,90.0,24.37
,,2026-02-23 21:39:02.700661,23.5,90.0,24.26
,,2026-02-23 21:39:04.761961,23.5,90.0,24.26
,,2026-02-23 21:39:06.838325,23.4,90.0,24.15
,,2026-02-23 21:39:08.910860,23.4,90.0,24.15
,,2026-02-23 21:39:10.982200,23.3,90.0,24.04
,,2026-02-23 21:39:13.039200,23.3,90.0,24.04
,,2026-02-23 21:39:15.103005,23.2,90.0,23.93
,,2026-02-23 21:39:17.177090,23.2,90.0,23.93
,,2026-02-23 21:39:19.246488,23.1,90.0,23.82
,,2026-02-23 21:39:21.312413,23.1,90.0,23.82
,,2026-02-23 21:39:23.378091,23.0,90.0,23.71
,,2026-02-23 21:39:25.445724,23.0,90.0,23.71
,,2026-02-23 21:39:27.543856,23.0,90.0,23.71
,,2026-02-23 21:39:28.606985,22.9,89.0,23.57
,,2026-02-23 21:39:30.670702,22.9,89.0,23.57
,,2026-02-23 21:39:32.736853,22.8,89.0,23.46
,,2026-02-23 21:39:34.830154,22.8,89.0,23.46
,,2026-02-23 21:39:36.907389,22.8,89.0,23.46
,,2026-02-23 21:39:38.971950,22.8,88.0,23.43
,,2026-02-23 21:39:41.036031,22.7,88.0,23.32
,,2026-02-23 21:39:43.102586,22.7,88.0,23.32
,,2026-02-23 21:39:45.169369,22.7,88.0,23.32
,,2026-02-23 21:39:47.233138,22.7,88.0,23.32
,,2026-02-23 21:39:49.296844,22.7,87.0,23.3
,,2026-02-23 21:39:51.365385,22.6,87.0,23.19
,,2026-02-23 21:39:53.443324,22.6,87.0,23.19
,,2026-02-23 21:39:55.504850,22.6,87.0,23.19
,,2026-02-23 21:39:57.569245,22.6,86.0,23.16
,,2026-02-23 21:39:59.633370,22.6,86.0,23.16
,,2026-02-23 21:40:01.767443,22.6,86.0,23.16
,,2026-02-23 21:40:03.830059,22.5,86.0,23.05
,,2026-02-23 21:40:05.892599,22.5,85.0,23.02
,,2026-02-23 21:40:07.955544,22.5,85.0,23.02
,,2026-02-23 21:40:10.029482,22.5,85.0,23.02
,,2026-02-23 21:40:12.107324,22.5,84.0,23.0
,,2026-02-23 21:40:14.174780,22.5,84.0,23.0
,,2026-02-23 21:40:16.239783,22.5,84.0,23.0
,,2026-02-23 21:40:18.305953,22.5,84.0,23.0
,,2026-02-23 21:40:20.372477,22.4,83.0,22.86
,,2026-02-23 21:40:22.469093,22.4,83.0,22.86
,,2026-02-23 21:40:24.534448,22.4,83.0,22.86
,,2026-02-23 21:40:26.595533,22.4,82.0,22.84
,,2026-02-23 21:40:28.666496,22.4,82.0,22.84
,,2026-02-23 21:40:29.753758,22.4,82.0,22.84
,,2026-02-23 21:40:31.827115,22.4,81.0,22.81
,,2026-02-23 21:40:33.897867,22.4,81.0,22.81
,,2026-02-23 21:40:35.962336,22.4,81.0,22.81
,,2026-02-23 21:40:38.025301,22.4,80.0,22.78
,,2026-02-23 21:40:40.090471,22.4,80.0,22.78
,,2026-02-23 21:40:42.158747,22.4,80.0,22.78
,,2026-02-23 21:40:44.225522,22.4,80.0,22.78
,,2026-02-23 21:40:46.280397,22.4,79.0,22.76
,,2026-02-23 21:40:48.348624,22.4,79.0,22.76
,,2026-02-23 21:40:50.412082,22.4,79.0,22.76
,,2026-02-23 21:40:52.475958,22.4,78.0,22.73
,,2026-02-23 21:40:54.563892,22.4,78.0,22.73
,,2026-02-23 21:40:56.633432,22.4,78.0,22.73
,,2026-02-23 21:40:58.722883,22.3,78.0,22.62
,,2026-02-23 21:41:00.796508,22.3,77.0,22.6
,,2026-02-23 21:41:02.848503,22.3,77.0,22.6
,,2026-02-23 21:41:04.911576,22.3,77.0,22.6
,,2026-02-23 21:41:06.975607,22.3,77.0,22.6
,,2026-02-23 21:41:09.037282,22.3,77.0,22.6
,,2026-02-23 21:41:11.101223,22.3,76.0,22.57
,,2026-02-23 21:41:13.164675,22.3,76.0,22.57
,,2026-02-23 21:41:15.249564,22.3,76.0,22.57
,,2026-02-23 21:41:17.316291,22.3,76.0,22.57
,,2026-02-23 21:41:19.411210,22.3,75.0,22.54
,,2026-02-23 21:41:21.477611,22.3,75.0,22.54
,,2026-02-23 21:41:23.550536,22.3,75.0,22.54
,,2026-02-23 21:41:25.622121,22.3,75.0,22.54
,,2026-02-23 21:41:27.686033,22.3,74.0,22.52
,,2026-02-23 21:41:29.751253,22.3,74.0,22.52
,,2026-02-23 21:41:31.811636,22.3,74.0,22.52
,,2026-02-23 21:41:33.878413,22.3,74.0,22.52
,,2026-02-23 21:41:35.949870,22.3,73.0,22.49
,,2026-02-23 21:41:37.033093,22.3,73.0,22.49
,,2026-02-23 21:41:39.116415,22.3,73.0,22.49
,,2026-02-23 21:41:41.196732,22.3,73.0,22.49
,,2026-02-23 21:41:43.296532,22.3,73.0,22.49
,,2026-02-23 21:41:45.358927,22.3,72.0,22.47
,,2026-02-23 21:41:47.425663,22.3,72.0,22.47
,,2026-02-23 21:41:49.520425,22.3,72.0,22.47
,,2026-02-23 21:41:51.596563,22.3,72.0,22.47
,,2026-02-23 21:41:53.662650,22.3,72.0,22.47
,,2026-02-23 21:41:55.733926,22.2,72.0,22.36
,,2026-02-23 21:41:57.804290,22.2,72.0,22.36
,,2026-02-23 21:41:59.884099,22.2,71.0,22.33
,,2026-02-23 21:42:01.948963,22.2,71.0,22.33
,,2026-02-23 21:42:04.014544,22.2,71.0,22.33
,,2026-02-23 21:42:06.088849,22.2,71.0,22.33
,,2026-02-23 21:42:08.160033,22.2,71.0,22.33
,,2026-02-23 21:42:10.228510,22.2,71.0,22.33
,,2026-02-23 21:42:12.294787,22.2,71.0,22.33
,,2026-02-23 21:42:14.370085,22.2,71.0,22.33
,,2026-02-23 21:42:16.431001,22.2,71.0,22.33
,,2026-02-23 21:42:18.516935,22.2,71.0,22.33
,,2026-02-23 21:42:20.590629,22.2,71.0,22.33
,,2026-02-23 21:42:22.660736,22.2,71.0,22.33
,,2026-02-23 21:42:24.725950,22.2,71.0,22.33
,,2026-02-23 21:42:26.798189,22.2,71.0,22.33
,,2026-02-23 21:42:28.871253,22.2,71.0,22.33
,,2026-02-23 21:42:30.934533,22.2,70.0,22.3
,,2026-02-23 21:42:33.002194,22.2,70.0,22.3
,,2026-02-23 21:42:34.085141,22.2,70.0,22.3
,,2026-02-23 21:42:36.154616,22.2,70.0,22.3
,,2026-02-23 21:42:38.221273,22.2,70.0,22.3
,,2026-02-23 21:42:40.287326,22.2,70.0,22.3
,,2026-02-23 21:42:42.361463,22.2,70.0,22.3
,,2026-02-23 21:42:44.430182,22.2,70.0,22.3
,,2026-02-23 21:42:46.492586,22.2,70.0,22.3
,,2026-02-23 21:42:48.557760,22.2,70.0,22.3
,,2026-02-23 21:42:50.642598,22.2,70.0,22.3
,,2026-02-23 21:42:52.711488,22.2,70.0,22.3
,,2026-02-23 21:42:54.776835,22.2,70.0,22.3
,,2026-02-23 21:42:56.852811,22.2,70.0,22.3
,,2026-02-23 21:42:58.918934,22.2,70.0,22.3
,,2026-02-23 21:43:00.996254,22.3,70.0,22.41
,,2026-02-23 21:43:03.069181,22.3,70.0,22.41
,,2026-02-23 21:43:05.138355,22.3,70.0,22.41
,,2026-02-23 21:43:07.218677,22.3,70.0,22.41
,,2026-02-23 21:43:09.290901,22.3,70.0,22.41
,,2026-02-23 21:43:11.358813,22.3,70.0,22.41
,,2026-02-23 21:43:13.431477,22.2,70.0,22.3
,,2026-02-23 21:43:15.502983,22.3,70.0,22.41
,,2026-02-23 21:43:17.563395,22.3,70.0,22.41
,,2026-02-23 21:43:19.632054,22.3,70.0,22.41
,,2026-02-23 21:43:21.700482,22.3,70.0,22.41
,,2026-02-23 21:43:23.766830,22.3,70.0,22.41
,,2026-02-23 21:43:25.840614,22.3,70.0,22.41
,,2026-02-23 21:43:27.913812,22.3,70.0,22.41
,,2026-02-23 21:43:29.983697,22.3,70.0,22.41
,,2026-02-23 21:43:32.041780,22.3,70.0,22.41
,,2026-02-23 21:43:34.111648,22.3,70.0,22.41
,,2026-02-23 21:43:36.180038,22.3,70.0,22.41
,,2026-02-23 21:43:38.246171,22.3,70.0,22.41
,,2026-02-23 21:43:39.312998,22.3,70.0,22.41
,,2026-02-23 21:43:41.380468,22.3,70.0,22.41
,,2026-02-23 21:43:43.449690,22.4,70.0,22.52
,,2026-02-23 21:43:45.515717,22.4,70.0,22.52
,,2026-02-23 21:43:47.573274,22.4,70.0,22.52
,,2026-02-23 21:43:49.655081,22.4,70.0,22.52
,,2026-02-23 21:43:51.722778,22.4,70.0,22.52
,,2026-02-23 21:43:53.791889,22.4,70.0,22.52
,,2026-02-23 21:43:55.866439,22.4,70.0,22.52
,,2026-02-23 21:43:57.934950,22.4,70.0,22.52
,,2026-02-23 21:44:00.013158,22.4,70.0,22.52
,,2026-02-23 21:44:02.075585,22.4,70.0,22.52
,,2026-02-23 21:44:04.140817,22.4,70.0,22.52
,,2026-02-23 21:44:06.209768,22.4,70.0,22.52
,,2026-02-23 21:44:08.278265,22.4,70.0,22.52
,,2026-02-23 21:44:10.350761,22.4,70.0,22.52
,,2026-02-23 21:44:12.422492,22.4,70.0,22.52
,,2026-02-23 21:44:14.498393,22.4,69.0,22.5
,,2026-02-23 21:44:16.562145,22.4,69.0,22.5
,,2026-02-23 21:44:18.632681,22.5,69.0,22.61
,,2026-02-23 21:44:20.705785,22.5,69.0,22.61
,,2026-02-23 21:44:22.773685,22.5,69.0,22.61
,,2026-02-23 21:44:24.849365,22.5,69.0,22.61
,,2026-02-23 21:44:26.921108,22.5,69.0,22.61
,,2026-02-23 21:44:28.988970,22.5,69.0,22.61
,,2026-02-23 21:44:31.073666,22.5,69.0,22.61
,,2026-02-23 21:44:33.145769,22.5,69.0,22.61
,,2026-02-23 21:44:35.214993,22.5,69.0,22.61
,,2026-02-23 21:44:37.282525,22.5,69.0,22.61
,,2026-02-23 21:44:39.354647,22.5,69.0,22.61
,,2026-02-23 21:44:40.511955,22.5,69.0,22.61
,,2026-02-23 21:44:42.580784,22.5,68.0,22.58
,,2026-02-23 21:44:44.648538,22.5,68.0,22.58
,,2026-02-23 21:44:46.704525,22.5,68.0,22.58
,,2026-02-23 21:44:48.768893,22.5,68.0,22.58
,,2026-02-23 21:44:50.858902,22.5,68.0,22.58
,,2026-02-23 21:44:52.927042,22.5,68.0,22.58
,,2026-02-23 21:44:54.994696,22.5,68.0,22.58
,,2026-02-23 21:44:57.067574,22.5,68.0,22.58
,,2026-02-23 21:44:59.141208,22.5,68.0,22.58
,,2026-02-23 21:45:01.295790,22.5,68.0,22.58
,,2026-02-23 21:45:03.367263,22.5,68.0,22.58
,,2026-02-23 21:45:05.433235,22.5,68.0,22.58
,,2026-02-23 21:45:07.499823,22.5,68.0,22.58
,,2026-02-23 21:45:09.594936,22.5,68.0,22.58
,,2026-02-23 21:45:11.664842,22.5,68.0,22.58
,,2026-02-23 21:45:13.732086,22.5,68.0,22.58
,,2026-02-23 21:45:15.798326,22.5,68.0,22.58
,,2026-02-23 21:45:17.859901,22.5,68.0,22.58
,,2026-02-23 21:45:19.929324,22.5,68.0,22.58
,,2026-02-23 21:45:22.002209,22.5,68.0,22.58
,,2026-02-23 21:45:24.072893,22.6,68.0,22.69
,,2026-02-23 21:45:26.144180,22.6,68.0,22.69
,,2026-02-23 21:45:28.215674,22.6,68.0,22.69
,,2026-02-23 21:45:30.289339,22.6,68.0,22.69
,,2026-02-23 21:45:32.354370,22.6,68.0,22.69
,,2026-02-23 21:45:34.429797,22.6,68.0,22.69
,,2026-02-23 21:45:35.496413,22.6,68.0,22.69
,,2026-02-23 21:45:37.570812,22.6,68.0,22.69
,,2026-02-23 21:45:39.708652,22.6,68.0,22.69
,,2026-02-23 21:45:41.777614,22.6,68.0,22.69
,,2026-02-23 21:45:43.854773,22.6,68.0,22.69
,,2026-02-23 21:45:45.910502,22.6,68.0,22.69
,,2026-02-23 21:45:47.975267,22.5,68.0,22.58
,,2026-02-23 21:45:50.041383,22.6,68.0,22.69
,,2026-02-23 21:45:52.111154,22.5,68.0,22.58
,,2026-02-23 21:45:54.177378,22.6,68.0,22.69
,,2026-02-23 21:45:56.241460,22.6,68.0,22.69
,,2026-02-23 21:45:58.307429,22.6,68.0,22.69
,,2026-02-23 21:46:00.387464,22.6,68.0,22.69
,,2026-02-23 21:46:02.458757,22.6,68.0,22.69
,,2026-02-23 21:46:04.526273,22.6,68.0,22.69
,,2026-02-23 21:46:06.602200,22.6,68.0,22.69
,,2026-02-23 21:46:08.667338,22.6,68.0,22.69
,,2026-02-23 21:46:10.732675,22.5,68.0,22.58
,,2026-02-23 21:46:12.804539,22.5,68.0,22.58
,,2026-02-23 21:46:14.966155,22.5,68.0,22.58
,,2026-02-23 21:46:17.031294,22.5,68.0,22.58
,,2026-02-23 21:46:19.117229,22.5,68.0,22.58
,,2026-02-23 21:46:21.196786,22.6,68.0,22.69
,,2026-02-23 21:46:23.278746,22.6,67.0,22.66
,,2026-02-23 21:46:25.368492,22.6,67.0,22.66
,,2026-02-23 21:46:26.444280,22.6,67.0,22.66
,,2026-02-23 21:46:28.512938,22.6,67.0,22.66
,,2026-02-23 21:46:30.589159,22.5,67.0,22.55
,,2026-02-23 21:46:32.665606,22.5,67.0,22.55
,,2026-02-23 21:46:34.735128,22.5,67.0,22.55
,,2026-02-23 21:46:36.813788,22.5,67.0,22.55
,,2026-02-23 21:46:38.891531,22.5,67.0,22.55
,,2026-02-23 21:46:40.967965,22.5,67.0,22.55
,,2026-02-23 21:46:43.047620,22.5,67.0,22.55
,,2026-02-23 21:46:45.125848,22.5,67.0,22.55
,,2026-02-23 21:46:47.201589,22.5,67.0,22.55
,,2026-02-23 21:46:49.268013,22.6,67.0,22.66
,,2026-02-23 21:46:51.355550,22.6,67.0,22.66
,,2026-02-23 21:46:53.425890,22.5,67.0,22.55
,,2026-02-23 21:46:55.509671,22.5,67.0,22.55
,,2026-02-23 21:46:57.593086,22.5,67.0,22.55
,,2026-02-23 21:46:59.686831,22.5,67.0,22.55
,,2026-02-23 21:47:01.783408,22.5,67.0,22.55
,,2026-02-23 21:47:03.878141,22.5,67.0,22.55
,,2026-02-23 21:47:05.956234,22.5,67.0,22.55
,,2026-02-23 21:47:08.039114,22.5,67.0,22.55
,,2026-02-23 21:47:10.149814,22.5,67.0,22.55
,,2026-02-23 21:47:12.232654,22.6,67.0,22.66
,,2026-02-23 21:47:13.320324,22.6,67.0,22.66
,,2026-02-23 21:47:15.412288,22.5,67.0,22.55
,,2026-02-23 21:47:17.495764,22.5,67.0,22.55
,,2026-02-23 21:47:19.567818,22.5,67.0,22.55
,,2026-02-23 21:47:21.638425,22.5,67.0,22.55
,,2026-02-23 21:47:23.716422,22.5,67.0,22.55
,,2026-02-23 21:47:25.805705,22.6,67.0,22.66
,,2026-02-23 21:47:27.887378,22.6,67.0,22.66
,,2026-02-23 21:47:29.965920,22.6,67.0,22.66
,,2026-02-23 21:47:32.052918,22.6,67.0,22.66
,,2026-02-23 21:47:34.169570,22.6,67.0,22.66
,,2026-02-23 21:47:36.242614,22.6,67.0,22.66
,,2026-02-23 21:47:38.303538,22.6,67.0,22.66
,,2026-02-23 21:47:40.376899,22.6,67.0,22.66
,,2026-02-23 21:47:42.464750,22.6,67.0,22.66
,,2026-02-23 21:47:44.519816,22.6,67.0,22.66
,,2026-02-23 21:47:46.587770,22.6,67.0,22.66
,,2026-02-23 21:47:48.658588,22.6,67.0,22.66
,,2026-02-23 21:47:50.738908,22.6,67.0,22.66
,,2026-02-23 21:47:52.878520,22.6,67.0,22.66
,,2026-02-23 21:47:54.946694,22.6,67.0,22.66
,,2026-02-23 21:47:57.023507,22.6,67.0,22.66
,,2026-02-23 21:47:59.098812,22.6,67.0,22.66
,,2026-02-23 21:48:01.154895,22.6,67.0,22.66
,,2026-02-23 21:48:02.241744,22.6,67.0,22.66
,,2026-02-23 21:48:04.322992,22.6,67.0,22.66
,,2026-02-23 21:48:06.393785,22.6,67.0,22.66
,,2026-02-23 21:48:08.465729,22.6,67.0,22.66
,,2026-02-23 21:48:10.522414,22.6,67.0,22.66
,,2026-02-23 21:48:12.588810,22.6,67.0,22.66
,,2026-02-23 21:48:14.659381,22.6,67.0,22.66
,,2026-02-23 21:48:16.729622,22.6,67.0,22.66
,,2026-02-23 21:48:18.798796,22.6,67.0,22.66
,,2026-02-23 21:48:20.872580,22.6,67.0,22.66
,,2026-02-23 21:48:22.952412,22.6,67.0,22.66
,,2026-02-23 21:48:25.030724,22.6,67.0,22.66
,,2026-02-23 21:48:27.098402,22.6,67.0,22.66
,,2026-02-23 21:48:29.164477,22.6,67.0,22.66
,,2026-02-23 21:48:31.235494,22.5,67.0,22.55
,,2026-02-23 21:48:33.333979,22.5,67.0,22.55
,,2026-02-23 21:48:35.402408,22.5,67.0,22.55
,,2026-02-23 21:48:37.469840,22.5,67.0,22.55
,,2026-02-23 21:48:39.563461,22.5,67.0,22.55
,,2026-02-23 21:48:41.644450,22.5,67.0,22.55
,,2026-02-23 21:48:43.714458,22.5,67.0,22.55
,,2026-02-23 21:48:45.786671,22.5,67.0,22.55
,,2026-02-23 21:48:47.866666,22.5,67.0,22.55
,,2026-02-23 21:48:49.945996,22.5,67.0,22.55
,,2026-02-23 21:48:52.036802,22.5,67.0,22.55
,,2026-02-23 21:48:54.106870,22.5,67.0,22.55
,,2026-02-23 21:48:56.190921,22.5,67.0,22.55
,,2026-02-23 21:48:57.304015,22.5,67.0,22.55
,,2026-02-23 21:48:59.390755,22.5,67.0,22.55
,,2026-02-23 21:49:01.471788,22.5,67.0,22.55
,,2026-02-23 21:49:03.548555,22.5,67.0,22.55
,,2026-02-23 21:49:05.624380,22.5,67.0,22.55
,,2026-02-23 21:49:07.724177,22.5,67.0,22.55
,,2026-02-23 21:49:09.817221,22.5,67.0,22.55
,,2026-02-23 21:49:11.917933,22.5,67.0,22.55
,,2026-02-23 21:49:14.008322,22.5,67.0,22.55
,,2026-02-23 21:49:16.090555,22.5,67.0,22.55
,,2026-02-23 21:49:18.170398,22.5,67.0,22.55
,,2026-02-23 21:49:20.244539,22.5,67.0,22.55
,,2026-02-23 21:49:22.315901,22.5,67.0,22.55
,,2026-02-23 21:49:24.603824,22.5,67.0,22.55
,,2026-02-23 21:49:26.683990,22.5,67.0,22.55
,,2026-02-23 21:49:28.763734,22.5,67.0,22.55
,,2026-02-23 21:49:30.836424,22.5,67.0,22.55
,,2026-02-23 21:49:31.933597,22.5,67.0,22.55
,,2026-02-23 21:49:34.040921,22.5,67.0,22.55
,,2026-02-23 21:49:36.107258,22.5,67.0,22.55
,,2026-02-23 21:49:38.174888,22.5,67.0,22.55
,,2026-02-23 21:49:40.239874,22.5,67.0,22.55
,,2026-02-23 21:49:42.304916,22.5,67.0,22.55
,,2026-02-23 21:49:44.371111,22.5,67.0,22.55
,,2026-02-23 21:49:46.436807,22.5,67.0,22.55
,,2026-02-23 21:49:48.505559,22.5,67.0,22.55
,,2026-02-23 21:49:50.561844,22.5,67.0,22.55
,,2026-02-23 21:49:52.630289,22.5,67.0,22.55
,,2026-02-23 21:49:54.698494,22.5,67.0,22.55
,,2026-02-23 21:49:56.763350,22.5,67.0,22.55
,,2026-02-23 21:49:58.828534,22.5,67.0,22.55
,,2026-02-23 21:50:00.894215,22.5,67.0,22.55
,,2026-02-23 21:50:02.963282,22.5,67.0,22.55
,,2026-02-23 21:50:05.036308,22.5,67.0,22.55
,,2026-02-23 21:50:07.105605,22.5,67.0,22.55
,,2026-02-23 21:50:09.175368,22.5,67.0,22.55
,,2026-02-23 21:50:11.256246,22.5,67.0,22.55
,,2026-02-23 21:50:13.333926,22.5,67.0,22.55
,,2026-02-23 21:50:15.410664,22.5,67.0,22.55
,,2026-02-23 21:50:17.467564,22.5,67.0,22.55
,,2026-02-23 21:50:19.552372,22.5,67.0,22.55
,,2026-02-23 21:50:21.621521,22.5,67.0,22.55
,,2026-02-23 21:50:23.712239,22.5,67.0,22.55
,,2026-02-23 21:50:25.778713,22.5,67.0,22.55
,,2026-02-23 21:50:27.849613,22.5,67.0,22.55
,,2026-02-23 21:50:29.919724,22.5,67.0,22.55
,,2026-02-23 21:50:31.989167,22.5,67.0,22.55
,,2026-02-23 21:50:34.046831,22.5,67.0,22.55
,,2026-02-23 21:50:35.118314,22.5,67.0,22.55
,,2026-02-23 21:50:37.261675,22.5,67.0,22.55
,,2026-02-23 21:50:39.271461,22.5,67.0,22.55
,,2026-02-23 21:50:41.287231,22.5,67.0,22.55
,,2026-02-23 21:50:43.307071,22.5,67.0,22.55
,,2026-02-23 21:50:45.334261,22.5,67.0,22.55
,,2026-02-23 21:50:47.344057,22.5,67.0,22.55
,,2026-02-23 21:50:50.361159,22.5,67.0,22.55
,,2026-02-23 21:50:52.368385,22.5,67.0,22.55
,,2026-02-23 21:50:54.386714,22.5,67.0,22.55
,,2026-02-23 21:50:56.406181,22.5,67.0,22.55
,,2026-02-23 21:50:58.424975,22.5,67.0,22.55
,,2026-02-23 21:51:00.442758,22.5,67.0,22.55
,,2026-02-23 21:51:14.618654,22.5,67.0,22.55
,,2026-02-23 21:51:17.204311,22.4,67.0,22.44
,,2026-02-23 21:51:18.410431,22.4,67.0,22.44
,,2026-02-23 21:51:20.620765,22.4,67.0,22.44
,,2026-02-23 21:51:22.864904,22.4,67.0,22.44
,,2026-02-23 21:51:25.061847,22.5,67.0,22.55
,,2026-02-23 21:51:27.261459,22.5,67.0,22.55
,,2026-02-23 21:51:29.443912,22.5,67.0,22.55
,,2026-02-23 21:51:30.656795,22.4,66.0,22.42
,,2026-02-23 21:51:32.859271,22.4,66.0,22.42
,,2026-02-23 21:51:35.055844,22.4,66.0,22.42
,,2026-02-23 21:51:37.262048,22.4,66.0,22.42
,,2026-02-23 21:51:39.479926,22.4,66.0,22.42
,,2026-02-23 21:51:41.660333,22.4,66.0,22.42
,,2026-02-23 21:51:42.906084,22.4,66.0,22.42
,,2026-02-23 21:51:45.093678,22.4,66.0,22.42
,,2026-02-23 21:51:47.367639,22.4,66.0,22.42
,,2026-02-23 21:51:49.551855,22.4,66.0,22.42
,,2026-02-23 21:51:51.743188,22.4,66.0,22.42
,,2026-02-23 21:51:53.930959,22.4,66.0,22.42
,,2026-02-23 21:51:55.122472,22.4,66.0,22.42
,,2026-02-23 21:51:57.311633,22.4,66.0,22.42
,,2026-02-23 21:51:59.514710,22.4,66.0,22.42
,,2026-02-23 21:52:01.725713,22.4,66.0,22.42
,,2026-02-23 21:52:03.921907,22.4,66.0,22.42
,,2026-02-23 21:52:06.115209,22.4,66.0,22.42
,,2026-02-23 21:52:07.328735,22.4,66.0,22.42
,,2026-02-23 21:52:09.537947,22.4,66.0,22.42
,,2026-02-23 21:52:11.745430,22.5,67.0,22.55
,,2026-02-23 21:52:13.953626,22.5,67.0,22.55
,,2026-02-23 21:52:16.159375,22.5,67.0,22.55
,,2026-02-23 21:52:18.355864,22.5,67.0,22.55
,,2026-02-23 21:52:19.557645,22.5,67.0,22.55
,,2026-02-23 21:52:21.768124,22.5,67.0,22.55
,,2026-02-23 21:52:23.963764,22.4,67.0,22.44
,,2026-02-23 21:52:26.167568,22.5,67.0,22.55
,,2026-02-23 21:52:28.365055,22.5,67.0,22.55
,,2026-02-23 21:52:30.568592,22.5,67.0,22.55
,,2026-02-23 21:52:31.766913,22.5,67.0,22.55
,,2026-02-23 21:52:33.978138,22.5,67.0,22.55
,,2026-02-23 21:52:36.183594,22.5,67.0,22.55
,,2026-02-23 21:52:38.411606,22.5,67.0,22.55
,,2026-02-23 21:52:40.613908,22.5,67.0,22.55
,,2026-02-23 21:52:42.806397,22.5,67.0,22.55
,,2026-02-23 21:52:44.002611,22.5,67.0,22.55
,,2026-02-23 21:52:46.199095,22.5,67.0,22.55
,,2026-02-23 21:52:48.410620,22.5,67.0,22.55
,,2026-02-23 21:52:50.651282,22.5,67.0,22.55
,,2026-02-23 21:52:52.862012,22.5,67.0,22.55
,,2026-02-23 21:52:55.062797,22.5,67.0,22.55
,,2026-02-23 21:52:56.386499,22.5,67.0,22.55
,,2026-02-23 21:52:58.584591,22.5,67.0,22.55
,,2026-02-23 21:53:00.778155,22.5,67.0,22.55
,,2026-02-23 21:53:02.992255,22.5,67.0,22.55
,,2026-02-23 21:53:05.196380,22.5,67.0,22.55
,,2026-02-23 21:53:06.395136,22.5,67.0,22.55
,,2026-02-23 21:53:08.603809,22.5,67.0,22.55
,,2026-02-23 21:53:10.800970,22.5,66.0,22.53
,,2026-02-23 21:53:13.036751,22.5,67.0,22.55
,,2026-02-23 21:53:15.264564,22.5,67.0,22.55
,,2026-02-23 21:53:17.501266,22.5,67.0,22.55
,,2026-02-23 21:53:18.710915,22.5,67.0,22.55
,,2026-02-23 21:53:20.913540,22.5,67.0,22.55
,,2026-02-23 21:53:23.447215,22.5,67.0,22.55
,,2026-02-23 21:53:25.651521,22.5,67.0,22.55
,,2026-02-23 21:53:26.858658,22.5,67.0,22.55
,,2026-02-23 21:53:29.049166,22.5,67.0,22.55
,,2026-02-23 21:53:31.317880,22.5,67.0,22.55
,,2026-02-23 21:53:33.510105,22.5,67.0,22.55
,,2026-02-23 21:53:35.712119,22.4,67.0,22.44
,,2026-02-23 21:53:36.933966,22.4,67.0,22.44
,,2026-02-23 21:53:39.124198,22.4,67.0,22.44
,,2026-02-23 21:53:41.324074,22.4,67.0,22.44
,,2026-02-23 21:53:43.522592,22.4,67.0,22.44
,,2026-02-23 21:53:45.723413,22.4,67.0,22.44
,,2026-02-23 21:53:47.923427,22.5,67.0,22.55
,,2026-02-23 21:53:49.193019,22.4,67.0,22.44
,,2026-02-23 21:53:51.395323,22.5,67.0,22.55
,,2026-02-23 21:53:53.596178,22.4,67.0,22.44
,,2026-02-23 21:53:55.807958,22.5,67.0,22.55
,,2026-02-23 21:53:58.014121,22.5,67.0,22.55
,,2026-02-23 21:54:00.220932,22.5,67.0,22.55
,,2026-02-23 21:54:01.632248,22.5,67.0,22.55
,,2026-02-23 21:54:03.837318,22.5,67.0,22.55
,,2026-02-23 21:54:06.046615,22.5,67.0,22.55
,,2026-02-23 21:54:07.535481,22.5,67.0,22.55
,,2026-02-23 21:54:09.738725,22.5,67.0,22.55
,,2026-02-23 21:54:11.948811,22.5,67.0,22.55
,,2026-02-23 21:54:14.156234,22.5,67.0,22.55
,,2026-02-23 21:54:16.362570,22.5,67.0,22.55
,,2026-02-23 21:54:18.558754,22.5,67.0,22.55
,,2026-02-23 21:54:19.759974,22.5,67.0,22.55
,,2026-02-23 21:54:21.974469,22.5,67.0,22.55
,,2026-02-23 21:54:24.169633,22.5,67.0,22.55
,,2026-02-23 21:54:26.376359,22.5,67.0,22.55
,,2026-02-23 21:54:28.588480,22.5,67.0,22.55
,,2026-02-23 21:54:30.784681,22.5,67.0,22.55
,,2026-02-23 21:54:32.101126,22.5,67.0,22.55
,,2026-02-23 21:54:34.296420,22.5,67.0,22.55
,,2026-02-23 21:54:36.498621,22.5,67.0,22.55
,,2026-02-23 21:54:38.692639,22.5,67.0,22.55
,,2026-02-23 21:54:40.893921,22.5,67.0,22.55
,,2026-02-23 21:54:43.114204,22.5,67.0,22.55
,,2026-02-23 21:54:44.317059,22.5,67.0,22.55
,,2026-02-23 21:54:46.515113,22.5,67.0,22.55
,,2026-02-23 21:54:48.728737,22.5,67.0,22.55
,,2026-02-23 21:54:50.960459,22.5,67.0,22.55
,,2026-02-23 21:54:53.169515,22.5,67.0,22.55
,,2026-02-23 21:54:54.385327,22.5,67.0,22.55
,,2026-02-23 21:54:56.581117,22.5,67.0,22.55
,,2026-02-23 21:54:58.777010,22.5,67.0,22.55
,,2026-02-23 21:55:00.980980,22.5,67.0,22.55
,,2026-02-23 21:55:03.178193,22.5,67.0,22.55
,,2026-02-23 21:55:05.379546,22.5,67.0,22.55
,,2026-02-23 21:55:07.581969,22.5,66.0,22.53
,,2026-02-23 21:55:08.779215,22.5,66.0,22.53
,,2026-02-23 21:55:11.028697,22.5,66.0,22.53
,,2026-02-23 21:55:13.239980,22.5,66.0,22.53
,,2026-02-23 21:55:15.443014,22.5,66.0,22.53
,,2026-02-23 21:55:17.760515,22.5,66.0,22.53
,,2026-02-23 21:55:19.307373,22.5,66.0,22.53
,,2026-02-23 21:55:21.513184,22.5,66.0,22.53
,,2026-02-23 21:55:23.702535,22.5,66.0,22.53
,,2026-02-23 21:55:25.905099,22.5,67.0,22.55
,,2026-02-23 21:55:27.103602,22.5,67.0,22.55
,,2026-02-23 21:55:29.295713,22.5,67.0,22.55
,,2026-02-23 21:55:31.531635,22.5,67.0,22.55
,,2026-02-23 21:55:33.732784,22.5,67.0,22.55
,,2026-02-23 21:55:35.930363,22.5,67.0,22.55
,,2026-02-23 21:55:38.140219,22.5,66.0,22.53
,,2026-02-23 21:55:39.335476,22.5,66.0,22.53
,,2026-02-23 21:55:41.537431,22.5,66.0,22.53
,,2026-02-23 21:55:43.746250,22.5,66.0,22.53
,,2026-02-23 21:55:45.953448,22.5,66.0,22.53
,,2026-02-23 21:55:48.157569,22.5,66.0,22.53
,,2026-02-23 21:55:49.418171,22.5,66.0,22.53
,,2026-02-23 21:55:51.652745,22.5,66.0,22.53
,,2026-02-23 21:55:53.852412,22.5,66.0,22.53
,,2026-02-23 21:55:56.063569,22.5,66.0,22.53
,,2026-02-23 21:55:58.264351,22.5,66.0,22.53
,,2026-02-23 21:56:00.474091,22.5,66.0,22.53
,,2026-02-23 21:56:01.671637,22.5,66.0,22.53
,,2026-02-23 21:56:03.874662,22.5,66.0,22.53
,,2026-02-23 21:56:06.080435,22.5,66.0,22.53
,,2026-02-23 21:56:08.304573,22.5,66.0,22.53
,,2026-02-23 21:56:10.492210,22.5,66.0,22.53
,,2026-02-23 21:56:12.691071,22.5,66.0,22.53
,,2026-02-23 21:56:13.890479,22.5,66.0,22.53
,,2026-02-23 21:56:16.089962,22.5,66.0,22.53
,,2026-02-23 21:56:18.287389,22.5,66.0,22.53
,,2026-02-23 21:56:20.503207,22.5,66.0,22.53
,,2026-02-23 21:56:22.712177,22.5,66.0,22.53
,,2026-02-23 21:56:24.901119,22.5,66.0,22.53
,,2026-02-23 21:56:26.105267,22.5,66.0,22.53
,,2026-02-23 21:56:28.366734,22.5,66.0,22.53
,,2026-02-23 21:56:30.569688,22.5,66.0,22.53
,,2026-02-23 21:56:32.767517,22.5,66.0,22.53
,,2026-02-23 21:56:34.972129,22.5,66.0,22.53
,,2026-02-23 21:56:37.170215,22.5,66.0,22.53
,,2026-02-23 21:56:38.360322,22.5,66.0,22.53
,,2026-02-23 21:56:40.562078,22.6,66.0,22.64
,,2026-02-23 21:56:42.790145,22.6,66.0,22.64
,,2026-02-23 21:56:44.998496,22.6,66.0,22.64
,,2026-02-23 21:56:47.207151,22.6,66.0,22.64
,,2026-02-23 21:56:49.416311,22.6,66.0,22.64
,,2026-02-23 21:56:50.614506,22.6,66.0,22.64
,,2026-02-23 21:56:52.822768,22.6,66.0,22.64
,,2026-02-23 21:56:55.011983,22.6,66.0,22.64
,,2026-02-23 21:56:57.230436,22.6,66.0,22.64
,,2026-02-23 21:56:59.435871,22.6,66.0,22.64
,,2026-02-23 21:57:01.641439,22.6,66.0,22.64
,,2026-02-23 21:57:02.872878,22.6,66.0,22.64
,,2026-02-23 21:57:05.078492,22.6,66.0,22.64
,,2026-02-23 21:57:07.402648,22.6,66.0,22.64
,,2026-02-23 21:57:09.595796,22.6,66.0,22.64
,,2026-02-23 21:57:11.796358,22.6,66.0,22.64
,,2026-02-23 21:57:12.997558,22.6,66.0,22.64
,,2026-02-23 21:57:15.191473,22.6,66.0,22.64
,,2026-02-23 21:57:17.398939,22.6,66.0,22.64
,,2026-02-23 21:57:19.606584,22.6,66.0,22.64
,,2026-02-23 21:57:21.809597,22.6,66.0,22.64
,,2026-02-23 21:57:24.005161,22.6,66.0,22.64
,,2026-02-23 21:57:25.217912,22.6,66.0,22.64
,,2026-02-23 21:57:27.445112,22.6,66.0,22.64
,,2026-02-23 21:57:29.662196,22.6,66.0,22.64
,,2026-02-23 21:57:31.870741,22.6,66.0,22.64
,,2026-02-23 21:57:34.069789,22.6,66.0,22.64
,,2026-02-23 21:57:36.272875,22.6,66.0,22.64
,,2026-02-23 21:57:37.628996,22.6,66.0,22.64
,,2026-02-23 21:57:39.818840,22.5,66.0,22.53
,,2026-02-23 21:57:42.015328,22.5,66.0,22.53
,,2026-02-23 21:57:44.217319,22.5,66.0,22.53
,,2026-02-23 21:57:46.428623,22.5,66.0,22.53
,,2026-02-23 21:57:47.638603,22.5,66.0,22.53
,,2026-02-23 21:57:49.838891,22.5,66.0,22.53
,,2026-02-23 21:57:52.130719,22.5,66.0,22.53
,,2026-02-23 21:57:54.367386,22.5,66.0,22.53
,,2026-02-23 21:57:56.570129,22.5,66.0,22.53
,,2026-02-23 21:57:58.763886,22.5,66.0,22.53
,,2026-02-23 21:57:59.969052,22.5,66.0,22.53
,,2026-02-23 21:58:02.263696,22.5,66.0,22.53
,,2026-02-23 21:58:04.483141,22.5,66.0,22.53
,,2026-02-23 21:58:06.686434,22.5,66.0,22.53
,,2026-02-23 21:58:08.967322,22.5,66.0,22.53
,,2026-02-23 21:58:10.170510,22.5,66.0,22.53
,,2026-02-23 21:58:12.403252,22.5,66.0,22.53
,,2026-02-23 21:58:14.615601,22.5,66.0,22.53
,,2026-02-23 21:58:16.813598,22.5,66.0,22.53
,,2026-02-23 21:58:19.010208,22.5,66.0,22.53
,,2026-02-23 21:58:21.217615,22.5,66.0,22.53
,,2026-02-23 21:58:22.425829,22.5,66.0,22.53
,,2026-02-23 21:58:24.628699,22.5,67.0,22.55
,,2026-02-23 21:58:27.128571,22.6,69.0,22.72
,,2026-02-23 21:58:29.334053,22.6,70.0,22.74
,,2026-02-23 21:58:30.528308,22.7,72.0,22.91
,,2026-02-23 21:58:32.736493,22.8,74.0,23.07
,,2026-02-23 21:58:34.950636,22.9,75.0,23.2
,,2026-02-23 21:58:37.159222,22.9,76.0,23.23
,,2026-02-23 21:58:39.380863,23.0,77.0,23.37
,,2026-02-23 21:58:41.594121,23.0,78.0,23.39
,,2026-02-23 21:58:42.796432,23.0,79.0,23.42
,,2026-02-23 21:58:45.007375,23.1,79.0,23.53
,,2026-02-23 21:58:47.212741,23.1,80.0,23.55
,,2026-02-23 21:58:50.502656,23.1,81.0,23.58
,,2026-02-23 21:58:52.734201,23.2,81.0,23.69
,,2026-02-23 21:58:54.926572,23.2,82.0,23.72
,,2026-02-23 21:58:56.130928,23.2,82.0,23.72
,,2026-02-23 21:58:58.336164,23.2,82.0,23.72
,,2026-02-23 21:59:00.533876,23.2,83.0,23.74
,,2026-02-23 21:59:02.744301,23.2,83.0,23.74
,,2026-02-23 21:59:04.966809,23.2,83.0,23.74
,,2026-02-23 21:59:07.173559,23.2,83.0,23.74
,,2026-02-23 21:59:08.364437,23.2,83.0,23.74
,,2026-02-23 21:59:10.581640,23.2,83.0,23.74
,,2026-02-23 21:59:12.781382,23.2,83.0,23.74
,,2026-02-23 21:59:14.997798,23.2,83.0,23.74
,,2026-02-23 21:59:17.204563,23.2,83.0,23.74
,,2026-02-23 21:59:19.414090,23.2,83.0,23.74
,,2026-02-23 21:59:20.618208,23.2,83.0,23.74
,,2026-02-23 21:59:22.822750,23.1,82.0,23.61
,,2026-02-23 21:59:25.037012,23.1,82.0,23.61
,,2026-02-23 21:59:27.242518,23.1,82.0,23.61
,,2026-02-23 21:59:29.477964,23.1,82.0,23.61
,,2026-02-23 21:59:31.672441,23.1,81.0,23.58
,,2026-02-23 21:59:32.888485,23.1,81.0,23.58
,,2026-02-23 21:59:35.097969,23.1,81.0,23.58
,,2026-02-23 21:59:37.301841,23.0,81.0,23.47
,,2026-02-23 21:59:39.505125,23.0,80.0,23.44
,,2026-02-23 21:59:41.712126,23.0,80.0,23.44
,,2026-02-23 21:59:43.923366,23.0,80.0,23.44
,,2026-02-23 21:59:45.128618,23.0,79.0,23.42
,,2026-02-23 21:59:47.338386,23.0,79.0,23.42
,,2026-02-23 21:59:49.539676,22.9,79.0,23.31
,,2026-02-23 21:59:51.749374,22.9,78.0,23.28
,,2026-02-23 21:59:53.966683,22.9,78.0,23.28
,,2026-02-23 21:59:56.171418,22.9,78.0,23.28
,,2026-02-23 21:59:57.671710,22.9,77.0,23.26
,,2026-02-23 22:00:00.165504,22.9,77.0,23.26
,,2026-02-23 22:00:01.368873,22.9,77.0,23.26
,,2026-02-23 22:00:03.565265,22.9,77.0,23.26
,,2026-02-23 22:00:05.808278,22.9,76.0,23.23
,,2026-02-23 22:00:08.015335,22.9,76.0,23.23
,,2026-02-23 22:00:10.252440,22.8,76.0,23.12
,,2026-02-23 22:00:12.474855,22.8,75.0,23.09
,,2026-02-23 22:00:13.743168,22.8,75.0,23.09
,,2026-02-23 22:00:15.965078,22.8,75.0,23.09
,,2026-02-23 22:00:18.170202,22.8,74.0,23.07
,,2026-02-23 22:00:20.466217,22.8,74.0,23.07
,,2026-02-23 22:00:21.718854,22.8,74.0,23.07
,,2026-02-23 22:00:23.951442,22.8,73.0,23.04
,,2026-02-23 22:00:26.151162,22.8,73.0,23.04
,,2026-02-23 22:00:28.356192,22.8,73.0,23.04
,,2026-02-23 22:00:30.557032,22.8,73.0,23.04
,,2026-02-23 22:00:32.755346,22.8,72.0,23.02
,,2026-02-23 22:00:33.982615,22.8,72.0,23.02
,,2026-02-23 22:00:36.189361,22.8,72.0,23.02
,,2026-02-23 22:00:38.387980,22.8,72.0,23.02
,,2026-02-23 22:00:40.578556,22.8,72.0,23.02
,,2026-02-23 22:00:42.775322,22.8,71.0,22.99
,,2026-02-23 22:00:44.985858,22.8,71.0,22.99
,,2026-02-23 22:00:46.188220,22.8,71.0,22.99
,,2026-02-23 22:00:48.388449,22.7,71.0,22.88
,,2026-02-23 22:00:50.592912,22.7,71.0,22.88
,,2026-02-23 22:00:52.791607,22.7,70.0,22.85
,,2026-02-23 22:00:55.021281,22.7,70.0,22.85
,,2026-02-23 22:00:57.233680,22.7,70.0,22.85
,,2026-02-23 22:00:58.445689,22.7,70.0,22.85
,,2026-02-23 22:01:00.655371,22.7,70.0,22.85
,,2026-02-23 22:01:02.863345,22.7,70.0,22.85
,,2026-02-23 22:01:05.066732,22.7,70.0,22.85
,,2026-02-23 22:01:07.273072,22.7,69.0,22.83
,,2026-02-23 22:01:09.548065,22.7,69.0,22.83
,,2026-02-23 22:01:11.087068,22.7,69.0,22.83
,,2026-02-23 22:01:13.298107,22.7,69.0,22.83
,,2026-02-23 22:01:15.505483,22.7,69.0,22.83
,,2026-02-23 22:01:16.745683,22.7,69.0,22.83
,,2026-02-23 22:01:18.968089,22.7,69.0,22.83
,,2026-02-23 22:01:21.184828,22.7,68.0,22.8
,,2026-02-23 22:01:23.384129,22.7,68.0,22.8
,,2026-02-23 22:01:25.611677,22.7,68.0,22.8
,,2026-02-23 22:01:27.810431,22.7,68.0,22.8
,,2026-02-23 22:01:29.009460,22.7,68.0,22.8
,,2026-02-23 22:01:31.261872,22.7,68.0,22.8
,,2026-02-23 22:01:33.469488,22.7,68.0,22.8
,,2026-02-23 22:01:35.749166,22.7,68.0,22.8
,,2026-02-23 22:01:37.960370,22.7,68.0,22.8
,,2026-02-23 22:01:39.257810,22.7,68.0,22.8
,,2026-02-23 22:01:41.669611,22.7,68.0,22.8
,,2026-02-23 22:01:43.914935,22.7,68.0,22.8
,,2026-02-23 22:01:46.145992,22.7,68.0,22.8
,,2026-02-23 22:01:47.349470,22.7,68.0,22.8
,,2026-02-23 22:01:49.561461,22.7,67.0,22.77
,,2026-02-23 22:01:51.772152,22.7,67.0,22.77
,,2026-02-23 22:01:53.973537,22.7,67.0,22.77
,,2026-02-23 22:01:56.171749,22.7,67.0,22.77
,,2026-02-23 22:01:58.374207,22.7,67.0,22.77
,,2026-02-23 22:01:59.586252,22.7,67.0,22.77
,,2026-02-23 22:02:01.788842,22.7,67.0,22.77
,,2026-02-23 22:02:04.023475,22.7,67.0,22.77
,,2026-02-23 22:02:06.234217,22.7,67.0,22.77
,,2026-02-23 22:02:08.442745,22.7,67.0,22.77
,,2026-02-23 22:02:09.824220,22.7,67.0,22.77
,,2026-02-23 22:02:12.060883,22.7,67.0,22.77
,,2026-02-23 22:02:14.260594,22.7,67.0,22.77
,,2026-02-23 22:02:16.472312,22.7,67.0,22.77
,,2026-02-23 22:02:18.682835,22.7,67.0,22.77
,,2026-02-23 22:02:20.007768,22.6,67.0,22.66
,,2026-02-23 22:02:22.216913,22.6,67.0,22.66
,,2026-02-23 22:02:24.443444,22.6,67.0,22.66
,,2026-02-23 22:02:26.633903,22.6,67.0,22.66
,,2026-02-23 22:02:28.830508,22.6,67.0,22.66
,,2026-02-23 22:02:31.022894,22.6,67.0,22.66
,,2026-02-23 22:02:32.221753,22.6,67.0,22.66
,,2026-02-23 22:02:34.754826,22.6,67.0,22.66
,,2026-02-23 22:02:36.969722,22.6,67.0,22.66
,,2026-02-23 22:02:39.191836,22.6,67.0,22.66
,,2026-02-23 22:02:40.388243,22.6,67.0,22.66
,,2026-02-23 22:02:42.600599,22.6,67.0,22.66
,,2026-02-23 22:02:44.809581,22.5,67.0,22.55
,,2026-02-23 22:02:47.158855,22.5,67.0,22.55
,,2026-02-23 22:02:49.373815,22.5,67.0,22.55
,,2026-02-23 22:02:50.604888,22.5,67.0,22.55
,,2026-02-23 22:02:52.858423,22.4,67.0,22.44
,,2026-02-23 22:02:55.114408,22.4,67.0,22.44
,,2026-02-23 22:02:57.319567,22.4,67.0,22.44
,,2026-02-23 22:02:59.516319,22.4,67.0,22.44
,,2026-02-23 22:03:00.723835,22.4,67.0,22.44
,,2026-02-23 22:03:02.933072,22.4,67.0,22.44
,,2026-02-23 22:03:05.189242,22.4,67.0,22.44
,,2026-02-23 22:03:07.406414,22.4,67.0,22.44
,,2026-02-23 22:03:09.614837,22.4,67.0,22.44
,,2026-02-23 22:03:11.821939,22.4,67.0,22.44
,,2026-02-23 22:03:13.024860,22.4,67.0,22.44
,,2026-02-23 22:03:15.232827,22.4,67.0,22.44
,,2026-02-23 22:03:17.447947,22.4,67.0,22.44
,,2026-02-23 22:03:19.688676,22.4,67.0,22.44
,,2026-02-23 22:03:21.900527,22.4,67.0,22.44
,,2026-02-23 22:03:23.106733,22.4,67.0,22.44
,,2026-02-23 22:03:25.316731,22.4,67.0,22.44
,,2026-02-23 22:03:27.520088,22.4,67.0,22.44
,,2026-02-23 22:03:29.999527,22.4,67.0,22.44
,,2026-02-23 22:03:31.321273,22.4,67.0,22.44
,,2026-02-23 22:03:33.522064,22.4,67.0,22.44
,,2026-02-23 22:03:35.734260,22.4,67.0,22.44
,,2026-02-23 22:03:38.235597,22.4,67.0,22.44
,,2026-02-23 22:03:39.503851,22.4,67.0,22.44
,,2026-02-23 22:03:41.719371,22.4,67.0,22.44
,,2026-02-23 22:03:43.929957,22.4,67.0,22.44
,,2026-02-23 22:03:46.228319,22.4,67.0,22.44
,,2026-02-23 22:03:48.430220,22.4,67.0,22.44
,,2026-02-23 22:03:49.717932,22.4,67.0,22.44
,,2026-02-23 22:03:52.415241,22.4,67.0,22.44
,,2026-02-23 22:03:54.653962,22.4,67.0,22.44
,,2026-02-23 22:03:55.899435,22.4,67.0,22.44
,,2026-02-23 22:03:57.791134,22.4,67.0,22.44
,,2026-02-23 22:04:00.134713,22.4,67.0,22.44
,,2026-02-23 22:04:02.500546,22.4,67.0,22.44
,,2026-02-23 22:04:04.032519,22.3,67.0,22.33
,,2026-02-23 22:04:06.554841,22.3,67.0,22.33
,,2026-02-23 22:04:08.841146,22.3,67.0,22.33
,,2026-02-23 22:04:10.093510,22.3,67.0,22.33
,,2026-02-23 22:04:12.340869,22.3,67.0,22.33
,,2026-02-23 22:04:14.565002,22.3,67.0,22.33
,,2026-02-23 22:04:16.586785,22.3,67.0,22.33
,,2026-02-23 22:04:18.604228,22.3,67.0,22.33
,,2026-02-23 22:04:20.622202,22.3,67.0,22.33
,,2026-02-23 22:04:22.644666,22.3,67.0,22.33
,,2026-02-23 22:04:24.666408,22.3,67.0,22.33
,,2026-02-23 22:04:26.684690,22.3,67.0,22.33
,,2026-02-23 22:04:28.704277,22.3,67.0,22.33
,,2026-02-23 22:04:30.724523,22.3,67.0,22.33
,,2026-02-23 22:04:32.743223,22.3,67.0,22.33
,,2026-02-23 22:04:34.763034,22.3,67.0,22.33
,,2026-02-23 22:04:36.781418,22.3,67.0,22.33
,,2026-02-23 22:04:38.802604,22.3,67.0,22.33
,,2026-02-23 22:04:40.811748,22.3,67.0,22.33
,,2026-02-23 22:04:42.830353,22.3,67.0,22.33
,,2026-02-23 22:04:44.850176,22.3,67.0,22.33
,,2026-02-23 22:04:46.868662,22.3,67.0,22.33
,,2026-02-23 22:04:48.890648,22.3,67.0,22.33
,,2026-02-23 22:04:50.908792,22.3,68.0,22.36
,,2026-02-23 22:04:52.927836,22.3,68.0,22.36
,,2026-02-23 22:04:54.936305,22.3,68.0,22.36
,,2026-02-23 22:04:56.955384,22.3,68.0,22.36
,,2026-02-23 22:04:58.973675,22.3,68.0,22.36
,,2026-02-23 22:05:00.993669,22.3,68.0,22.36
,,2026-02-23 22:05:03.012101,22.3,68.0,22.36
,,2026-02-23 22:05:05.033071,22.3,68.0,22.36
,,2026-02-23 22:05:07.057215,22.3,68.0,22.36
,,2026-02-23 22:05:10.077819,22.3,68.0,22.36
,,2026-02-23 22:05:12.086526,22.3,68.0,22.36
,,2026-02-23 22:05:14.109218,22.3,68.0,22.36
,,2026-02-23 22:05:16.130852,22.3,68.0,22.36
,,2026-02-23 22:05:18.150190,22.3,68.0,22.36
,,2026-02-23 22:05:20.169474,22.3,68.0,22.36
,,2026-02-23 22:05:22.188058,22.3,68.0,22.36
,,2026-02-23 22:05:24.217779,22.3,68.0,22.36
,,2026-02-23 22:05:26.225587,22.3,68.0,22.36
,,2026-02-23 22:05:28.245530,22.3,68.0,22.36
,,2026-02-23 22:05:30.263978,22.3,68.0,22.36
,,2026-02-23 22:05:32.282588,22.3,68.0,22.36
,,2026-02-23 22:05:34.302346,22.4,68.0,22.47
,,2026-02-23 22:05:36.323478,22.4,68.0,22.47
,,2026-02-23 22:05:38.345561,22.4,68.0,22.47
,,2026-02-23 22:05:40.353985,22.4,68.0,22.47
,,2026-02-23 22:05:42.372091,22.4,68.0,22.47
,,2026-02-23 22:05:44.389448,22.4,68.0,22.47
,,2026-02-23 22:05:46.408422,22.4,68.0,22.47
,,2026-02-23 22:05:48.427896,22.3,68.0,22.36
,,2026-02-23 22:05:50.448791,22.3,68.0,22.36
,,2026-02-23 22:05:52.467032,22.4,68.0,22.47
,,2026-02-23 22:05:54.485561,22.4,68.0,22.47
,,2026-02-23 22:05:56.494007,22.4,68.0,22.47
,,2026-02-23 22:05:58.512356,22.4,68.0,22.47
,,2026-02-23 22:06:00.532422,22.4,68.0,22.47
,,2026-02-23 22:06:02.550934,22.4,68.0,22.47
,,2026-02-23 22:06:04.572074,22.4,68.0,22.47
,,2026-02-23 22:06:06.594485,22.4,68.0,22.47
,,2026-02-23 22:06:08.613070,22.4,68.0,22.47
,,2026-02-23 22:06:10.624015,22.4,68.0,22.47
,,2026-02-23 22:06:12.644037,22.4,68.0,22.47
,,2026-02-23 22:06:14.663074,22.4,68.0,22.47
,,2026-02-23 22:06:16.680217,22.4,67.0,22.44
,,2026-02-23 22:06:18.702278,22.4,67.0,22.44
,,2026-02-23 22:06:20.720073,22.4,67.0,22.44
,,2026-02-23 22:06:22.740554,22.4,67.0,22.44
,,2026-02-23 22:06:24.757902,22.4,67.0,22.44
,,2026-02-23 22:06:26.765584,22.4,67.0,22.44
,,2026-02-23 22:06:28.787831,22.4,67.0,22.44
,,2026-02-23 22:06:30.812599,22.4,67.0,22.44
,,2026-02-23 22:06:32.832617,22.4,67.0,22.44
,,2026-02-23 22:06:34.850101,22.4,67.0,22.44
,,2026-02-23 22:06:36.868699,22.4,67.0,22.44
,,2026-02-23 22:06:38.886044,22.4,67.0,22.44
,,2026-02-23 22:06:40.896510,22.4,67.0,22.44
,,2026-02-23 22:06:42.914663,22.4,67.0,22.44
,,2026-02-23 22:06:44.933329,22.4,67.0,22.44
,,2026-02-23 22:06:46.970716,22.4,67.0,22.44
,,2026-02-23 22:06:48.988219,22.4,67.0,22.44
,,2026-02-23 22:06:51.011902,22.4,67.0,22.44
,,2026-02-23 22:06:53.046927,22.4,67.0,22.44
,,2026-02-23 22:06:55.082923,22.4,67.0,22.44
,,2026-02-23 22:06:58.092255,22.4,67.0,22.44
,,2026-02-23 22:07:00.110406,22.4,67.0,22.44
,,2026-02-23 22:07:02.133206,22.4,67.0,22.44
,,2026-02-23 22:07:04.153712,22.4,67.0,22.44
,,2026-02-23 22:07:06.173639,22.4,67.0,22.44
,,2026-02-23 22:07:08.191869,22.4,67.0,22.44
,,2026-02-23 22:07:10.199166,22.4,67.0,22.44
,,2026-02-23 22:07:12.221349,22.4,67.0,22.44
,,2026-02-23 22:07:14.240528,22.4,67.0,22.44
,,2026-02-23 22:07:16.259421,22.4,67.0,22.44
,,2026-02-23 22:07:18.278114,22.4,67.0,22.44
,,2026-02-23 22:07:20.296168,22.4,67.0,22.44
,,2026-02-23 22:07:22.317304,22.4,67.0,22.44
,,2026-02-23 22:07:24.335907,22.4,67.0,22.44
,,2026-02-23 22:07:26.343520,22.4,67.0,22.44
,,2026-02-23 22:07:28.362571,22.4,67.0,22.44
,,2026-02-23 22:07:30.381512,22.4,67.0,22.44
,,2026-02-23 22:07:32.407418,22.4,67.0,22.44
,,2026-02-23 22:07:34.426128,22.4,67.0,22.44
,,2026-02-23 22:07:36.445488,22.4,67.0,22.44
,,2026-02-23 22:07:38.463367,22.4,67.0,22.44
,,2026-02-23 22:07:40.469898,22.4,67.0,22.44
,,2026-02-23 22:07:42.489313,22.4,67.0,22.44
,,2026-02-23 22:07:44.507842,22.4,67.0,22.44
,,2026-02-23 22:07:46.525811,22.4,67.0,22.44
,,2026-02-23 22:07:48.545376,22.4,67.0,22.44
,,2026-02-23 22:07:50.572501,22.4,67.0,22.44
,,2026-02-23 22:07:52.597255,22.4,67.0,22.44
,,2026-02-23 22:07:54.615090,22.4,67.0,22.44
